authenticator_id,first_name,last_name,email_address,warehouse_id
1,Anna-diane,Currom,acurrom0@amazon.com,66
2,Sheela,Hugenin,shugenin1@pcworld.com,51
3,Harold,McKendry,hmckendry2@state.tx.us,58
4,Daryl,Humpage,dhumpage3@nhs.uk,44
5,Ferdinande,Cord,fcord4@spotify.com,37
6,Valerie,Fley,vfley5@netscape.com,51
7,Silvio,Hubback,shubback6@nationalgeographic.com,12
8,Myrtice,Deller,mdeller7@harvard.edu,52
9,Alyce,Wethey,awethey8@usatoday.com,1
10,Earle,William,ewilliam9@pbs.org,65
11,Joni,Juniper,jjunipera@netvibes.com,45
12,Neely,Sainte Paul,nsaintepaulb@prlog.org,44
13,Padraic,Staterfield,pstaterfieldc@wufoo.com,75
14,Andonis,Bernhardi,abernhardid@angelfire.com,49
15,Mycah,Piddlehinton,mpiddlehintone@wp.com,62
16,Annadiana,Croley,acroleyf@ed.gov,38
17,Heinrik,Demicoli,hdemicolig@shinystat.com,48
18,Pru,Smiley,psmileyh@hp.com,34
19,Jasmina,Goodfield,jgoodfieldi@wunderground.com,64
20,Gerri,Bewshire,gbewshirej@creativecommons.org,76
21,Raffaello,Gumbrell,rgumbrellk@upenn.edu,79
22,Alfred,Viggers,aviggersl@macromedia.com,8
23,Mitchel,Heap,mheapm@newyorker.com,61
24,Udale,Lippett,ulippettn@macromedia.com,34
25,Claire,Autrie,cautrieo@blogger.com,78
26,Christoph,Lowell,clowellp@themeforest.net,26
27,Pippy,Tooby,ptoobyq@ifeng.com,24
28,Terrel,Cooling,tcoolingr@dailymotion.com,67
29,Tania,Scotchforth,tscotchforths@feedburner.com,21
30,Claire,Feaver,cfeavert@odnoklassniki.ru,72
31,Akim,Petchell,apetchellu@prweb.com,20
32,Currie,Overland,coverlandv@dell.com,52
33,Trace,McGee,tmcgeew@hatena.ne.jp,37
34,Ransell,Kinnerk,rkinnerkx@mysql.com,11
35,Juieta,Whistlecraft,jwhistlecrafty@wired.com,19
36,Sheffy,Cabble,scabblez@berkeley.edu,28
37,Rennie,Hillum,rhillum10@google.ru,36
38,Ruthie,Cufley,rcufley11@buzzfeed.com,63
39,Kane,Wein,kwein12@ucoz.ru,38
40,Maudie,McNirlan,mmcnirlan13@mlb.com,46
41,Jocko,Brooks,jbrooks14@wiley.com,21
42,Karissa,Simunek,ksimunek15@yahoo.com,66
43,Waylon,Bolstridge,wbolstridge16@huffingtonpost.com,35
44,Stevana,Venard,svenard17@unblog.fr,4
45,Errick,Kubu,ekubu18@linkedin.com,5
46,Fayina,Grahame,fgrahame19@google.it,46
47,Clim,Molnar,cmolnar1a@rediff.com,74
48,Lianne,Osboldstone,losboldstone1b@amazonaws.com,58
49,Orlan,Knightsbridge,oknightsbridge1c@home.pl,73
50,Derek,Kinder,dkinder1d@github.com,75
51,Evaleen,Fache,efache1e@blogspot.com,52
52,Dion,Gibling,dgibling1f@sina.com.cn,77
53,Woodie,Ewenson,wewenson1g@bandcamp.com,16
54,Schuyler,Elsmore,selsmore1h@printfriendly.com,4
55,Vernon,Learmount,vlearmount1i@goo.gl,62
56,Berti,Horley,bhorley1j@addtoany.com,76
57,Benedick,Barehead,bbarehead1k@fotki.com,65
58,Ingemar,Schaben,ischaben1l@tinyurl.com,73
59,Lindi,Longhorne,llonghorne1m@youtube.com,4
60,Kippy,Fifield,kfifield1n@1und1.de,42
61,Leona,Trownson,ltrownson1o@google.ru,49
62,Sheilakathryn,Crapper,scrapper1p@forbes.com,1
63,Mallissa,Burrass,mburrass1q@who.int,43
64,Georgie,Orae,gorae1r@upenn.edu,52
65,Beckie,Ellwood,bellwood1s@house.gov,35
66,Elisabeth,Tolcharde,etolcharde1t@harvard.edu,60
67,Dorey,Oulett,doulett1u@techcrunch.com,73
68,Ruperta,Algeo,ralgeo1v@unesco.org,79
69,Gerladina,Barenski,gbarenski1w@usatoday.com,58
70,Waldon,Craister,wcraister1x@who.int,19
71,Irene,Hosier,ihosier1y@craigslist.org,2
72,Meade,Minard,mminard1z@tuttocitta.it,37
73,Candace,Ellings,cellings20@cornell.edu,26
74,Micheal,Trasler,mtrasler21@e-recht24.de,10
75,Dell,Stackbridge,dstackbridge22@discovery.com,64
76,Hildy,Coard,hcoard23@elpais.com,30
77,Evered,Woffenden,ewoffenden24@com.com,44
78,Rhodia,Hancock,rhancock25@stanford.edu,51
79,Oswald,Gerhts,ogerhts26@youtu.be,75
80,Mufinella,Stive,mstive27@newsvine.com,10
81,Weber,Lowdyane,wlowdyane28@mediafire.com,44
82,Elnore,Lloyd,elloyd29@soup.io,38
83,Torrence,Rhymer,trhymer2a@sun.com,11
84,Carlene,Zanussii,czanussii2b@telegraph.co.uk,28
85,Brenda,Ormes,bormes2c@reverbnation.com,70
86,Bale,Barosch,bbarosch2d@a8.net,41
87,Bertie,Ambler,bambler2e@discuz.net,55
88,Ethelda,Midson,emidson2f@artisteer.com,79
89,Monique,Chartman,mchartman2g@feedburner.com,39
90,Cassius,Parkman,cparkman2h@furl.net,15
91,Fredi,Hartas,fhartas2i@amazon.de,3
92,Kaitlin,Darlison,kdarlison2j@foxnews.com,48
93,Cazzie,Gransden,cgransden2k@topsy.com,29
94,Burton,Tibols,btibols2l@wsj.com,22
95,Persis,Hanratty,phanratty2m@about.me,69
96,Harp,MacAulay,hmacaulay2n@odnoklassniki.ru,55
97,Marley,Dellenbrook,mdellenbrook2o@tripod.com,78
98,Eziechiele,Fulk,efulk2p@virginia.edu,1
99,Bonnie,Buer,bbuer2q@bandcamp.com,54
100,Loree,Webermann,lwebermann2r@networkadvertising.org,9